"Name","Size","Type","Created At","Description","Photographer","Copyright","Photographic date","Purpose","Extra information"
"il-logo-fi-rgb-550x115px.png","20,25 kB","image/png","2018-11-12 11:12:41","","","","","",""
"il-logo-fi-rgb-1100x230px.png","43,99 kB","image/png","2018-11-12 11:12:41","","","","","",""
"il-logo-fi-rgb-1650x345px.png","70,06 kB","image/png","2018-11-12 11:12:41","","","","","",""
"il-logo-fi-se-en-rgb-620x115px.png","32,38 kB","image/png","2018-11-12 11:12:42","","","","","",""
"il-logo-fi-se-en-rgb-1240x230px.png","66,63 kB","image/png","2018-11-12 11:12:42","","","","","",""
"il-logo-fi-se-en-rgb-1860x345px.png","103,83 kB","image/png","2018-11-12 11:12:42","","","","","",""
"il-logo-fi-se-en-white-rgb-620x115px.png","21,86 kB","image/png","2018-11-12 11:12:43","","","","","",""
"il-logo-fi-se-en-white-rgb-1240x230px.png","47,05 kB","image/png","2018-11-12 11:12:43","","","","","",""
"il-logo-fi-se-en-white-rgb-1860x345px.png","74,88 kB","image/png","2018-11-12 11:12:43","","","","","",""
"il-logo-fi-white-rgb-550x115px.png","13,23 kB","image/png","2018-11-12 11:12:43","","","","","",""
"il-logo-fi-white-rgb-1100x230px.png","29,91 kB","image/png","2018-11-12 11:12:43","","","","","",""
"il-logo-fi-white-rgb-1650x345px.png","48,96 kB","image/png","2018-11-12 11:12:44","","","","","",""
"il-logo-fmi-rgb-229x115px.png","14,96 kB","image/png","2018-11-12 11:12:44","","","","","",""
"il-logo-fmi-rgb-458x230px.png","32,23 kB","image/png","2018-11-12 11:12:45","","","","","",""
"il-logo-fmi-rgb-687x345px.png","50,86 kB","image/png","2018-11-12 11:12:45","","","","","",""
"il-logo-fmi-white-rgb-229x115px.png","9,58 kB","image/png","2018-11-12 11:12:45","","","","","",""
"il-logo-fmi-white-rgb-458x230px.png","21,53 kB","image/png","2018-11-12 11:12:45","","","","","",""
"il-logo-fmi-white-rgb-687x345px.png","34,85 kB","image/png","2018-11-12 11:12:46","","","","","",""
